country,year,company,marketperspective,moralperspective,innovationperspective
us,1999,lowe's,0,0,0
us,1999,fedex,0,0,0
us,1999,southwestairlines,0,0,0
us,1999,fluor,0,0,0
us,1999,capitalonefinancial,0,0,0
us,1999,targetcorp.,0,0,0
us,1999,autonation,0,0,0
us,1999,berkshirehathaway,0,0,0
us,1999,waltdisney,0,0,0
us,1999,hp,0,1,0
us,1999,amazon.cominc.,0,0,0
us,1999,jabil,0,0,0
us,1999,chevron,0,0,1
us,1999,generalelectric,0,0,0
us,1999,goldmansachsgroup,0,0,0
us,1999,intel,0,0,0
us,1999,cvshealth,0,0,0
us,1999,westerndigital,0,0,0
us,1999,wellsfargo,0,0,0
us,1999,chartercommunications,0,0,0
us,1999,lockheedmartin,0,0,0
us,1999,bankofamericacorp.,0,0,0
us,1999,walmart,0,0,0
us,1999,danaher,0,0,0
us,1999,ibm,0,0,1
us,1999,emerson electric,0,0,0
us,1999,boeing,1,0,0
us,1999,carmax,0,0,0
us,1999,internationalpaper,0,0,0
us,1999,starbucks,1,0,0
us,1999,humana,0,0,0
us,1999,eogresources,0,0,0
us,1999,proxy&gamble,0,0,0
us,1999,costco,0,0,0
us,1999,allstate,0,0,0
us,1999,homedepot,0,0,0
us,1999,bestbuy,0,0,0
us,1999,unitedtechnologies,0,0,0
us,1999,metlifeinc.,0,0,0
us,2017,southwestairlines,0,0,0
us,2017,halliburton,0,0,0
us,2017,americanexpress,0,0,0
us,2017,dollartree,0,0,0
us,2017,lockheedmartin,0,0,0
us,2017,jabil,0,0,0
us,2017,wellsfargo,0,7,5
us,2017,fluor,1,0,0
us,2017,marriottinternational,0,0,0
us,2017,genuineparts,0,0,0
us,2017,mckesson,0,0,0
us,2017,emerson electric,0,0,0
us,2017,paccar,0,0,0
us,2017,goldmansachsgroup,0,0,0
us,2017,honeywellinternational,0,3,0
us,2017,fedex,0,0,0
us,2017,exxonmobil,0,0,1
us,2017,nucor,0,0,0
us,2017,southerncompany,1,1,1
us,2017,humana,0,0,0
us,2017,berkshirehathaway,0,0,0
us,2017,raytheon,0,0,0
us,2017,sysco,0,0,0
us,2017,bankofamericacorp.,0,1,0
us,2017,targetcorp.,0,0,0
us,2017,hp,0,2,0
us,2017,freeport-mcmoran,0,0,0
us,2017,coca-cola,2,7,0
us,2017,generaldynamics,0,1,0
us,2017,boeing,0,0,0
us,2017,ups,0,0,0
us,2017,fordmotor,0,0,0
us,2017,libertymutualinsurance,0,0,0
us,2017,internationalpaper,0,0,0
us,2017,pnc,0,0,0
us,2017,appliedmaterials,0,0,0
us,2017,ibm,0,1,0
us,2017,metlifeinc.,0,0,1
us,2017,starbucks,0,0,0
us,2017,homedepot,0,0,0
us,2017,generalelectric,0,0,0
us,2017,usbancorp,0,2,0
us,2017,archerdanielsmidland,0,0,3
us,2017,autonation,0,0,0
us,2017,lowe's,0,0,0
us,2017,waltdisney,0,0,0
us,2017,intel,0,0,1
us,2017,allstate,3,4,3
us,2017,lear,0,0,0
us,2017,prudentialfinancial,0,0,0
us,2017,proxy&gamble,1,0,0
us,2017,altriagroup,0,0,0
us,2017,cvshealth,0,1,0
us,2017,bestbuy,0,0,0
us,2017,johnson&johnson,0,0,0
us,2017,eogresources,0,0,1
us,2017,danaher,0,0,0
us,2017,chevron,0,0,1
us,2017,whirlpool,1,0,0
us,2017,costco,0,1,0
us,2017,nexteraenergy,0,0,0
us,2017,walmart,0,0,0
us,2017,aflac,0,0,0
us,2017,jpmorganchase,0,0,0
us,2017,carmax,0,0,0
us,2017,capitalonefinancial,0,0,0
us,2017,molinahealthcare,0,0,0
us,2017,bristolmyerssquibb,0,1,0
us,2017,verizon,0,0,0
us,2017,unitedtechnologies,0,0,0
us,2014,lockheedmartin,0,0,0
us,2014,jpmorganchase,0,0,0
us,2014,molinahealthcare,0,0,0
us,2014,nexteraenergy,1,1,0
us,2014,berkshirehathaway,1,0,0
us,2014,generalelectric,0,0,1
us,2014,allstate,0,0,0
us,2014,freeport-mcmoran,0,0,0
us,2014,generaldynamics,0,1,0
us,2014,verizon,0,0,0
us,2014,marriottinternational,0,0,0
us,2014,proxy&gamble,0,0,0
us,2014,altriagroup,0,1,0
us,2014,southerncompany,0,0,0
us,2014,starbucks,0,0,0
us,2014,appliedmaterials,0,0,0
us,2014,ciscosystems,0,0,0
us,2014,paccar,0,0,0
us,2014,usbancorp,0,2,0
us,2014,carmax,0,0,0
us,2014,aflac,0,0,0
us,2014,unitedtechnologies,0,0,0
us,2014,johnson&johnson,0,0,0
us,2014,westerndigital,0,0,0
us,2014,eogresources,0,0,0
us,2014,humana,0,0,0
us,2014,halliburton,0,0,0
us,2014,walmart,0,0,0
us,2014,wellsfargo,1,0,4
us,2014,prudentialfinancial,0,2,0
us,2014,mckesson,0,0,0
us,2014,genuineparts,0,0,0
us,2014,southwestairlines,0,0,0
us,2014,whirlpool,0,0,0
us,2014,lear,0,1,3
us,2014,danaher,0,0,0
us,2014,ibm,0,0,0
us,2014,chartercommunications,0,0,0
us,2014,pnc,0,0,0
us,2014,chevron,0,1,0
us,2014,metlifeinc.,0,0,1
us,2014,fordmotor,0,0,0
us,2014,sysco,0,0,1
us,2014,exxonmobil,0,0,0
us,2014,boeing,0,0,0
us,2014,goldmansachsgroup,0,0,0
us,2014,internationalpaper,0,0,0
us,2014,cvshealth,0,0,0
us,2014,archerdanielsmidland,0,0,4
us,2014,libertymutualinsurance,0,0,0
us,2014,honeywellinternational,0,0,0
us,2014,bankofamericacorp.,0,0,0
us,2014,dollartree,0,0,0
us,2014,waltdisney,0,0,0
us,2014,targetcorp.,0,0,0
us,2014,homedepot,0,0,0
us,2014,fedex,0,0,0
us,2014,lowe's,0,0,0
us,2014,intel,0,2,0
us,2014,bestbuy,0,0,0
us,2014,amazon.cominc.,0,0,0
us,2014,capitalonefinancial,0,0,0
us,2014,fluor,2,0,0
us,2014,ups,0,0,0
us,2014,hp,0,0,0
us,2014,coca-cola,1,3,1
us,2014,autonation,0,0,0
us,2014,emerson electric,0,0,0
us,2014,raytheon,0,0,0
us,2014,bristolmyerssquibb,1,2,0
us,2009,ibm,0,0,0
us,2009,archerdanielsmidland,0,0,0
us,2009,proxy&gamble,0,0,1
us,2009,pnc,1,0,0
us,2009,altriagroup,0,1,0
us,2009,molinahealthcare,1,1,0
us,2009,usbancorp,0,1,0
us,2009,nexteraenergy,0,0,0
us,2009,prudentialfinancial,0,1,0
us,2009,westerndigital,0,0,0
us,2009,amazon.cominc.,0,0,0
us,2009,eogresources,0,0,0
us,2009,freeport-mcmoran,0,0,0
us,2009,genuineparts,0,0,0
us,2009,bankofamericacorp.,0,2,1
us,2009,intel,0,0,0
us,2009,jabil,0,0,0
us,2009,starbucks,0,0,0
us,2009,chevron,0,0,0
us,2009,lowe's,0,0,0
us,2009,allstate,0,0,0
us,2009,appliedmaterials,0,0,0
us,2009,fedex,0,0,0
us,2009,marriottinternational,0,0,0
us,2009,americanexpress,0,0,0
us,2009,walmart,0,0,0
us,2009,wellsfargo,0,0,0
us,2009,paccar,0,0,0
us,2009,raytheon,0,0,1
us,2009,fordmotor,0,1,0
us,2009,verizon,0,1,0
us,2009,ups,0,0,0
us,2009,goldmansachsgroup,0,0,0
us,2009,bestbuy,0,0,0
us,2009,carmax,0,0,0
us,2009,autonation,0,0,0
us,2009,cvshealth,0,0,0
us,2009,sysco,0,0,1
us,2009,whirlpool,0,0,0
us,2009,dollartree,0,0,0
us,2009,mckesson,0,0,0
us,2009,targetcorp.,0,0,0
us,2009,southwestairlines,0,0,0
us,2009,chartercommunications,0,0,0
us,2009,generaldynamics,0,0,0
us,2009,unitedtechnologies,0,3,0
us,2009,aflac,0,0,0
us,2009,emerson electric,0,0,0
us,2009,lockheedmartin,0,0,0
us,2009,ciscosystems,0,0,0
us,2009,southerncompany,0,0,0
us,2009,coca-cola,0,1,1
us,2009,nucor,0,0,0
us,2009,homedepot,0,0,0
us,2009,berkshirehathaway,0,0,0
us,2009,honeywellinternational,0,0,0
us,2009,metlifeinc.,0,0,1
us,2009,costco,0,0,0
us,2009,capitalonefinancial,0,0,0
us,2009,hp,0,0,0
us,2009,fluor,2,0,0
us,2009,libertymutualinsurance,0,0,0
us,2009,boeing,0,0,0
us,2009,halliburton,0,0,0
us,2009,waltdisney,0,0,0
us,2009,jpmorganchase,0,0,0
us,2009,humana,0,0,0
us,2009,lear,0,0,0
us,2009,bristolmyerssquibb,1,0,0
us,2009,danaher,0,0,0
us,2009,internationalpaper,0,0,0
us,2009,exxonmobil,0,0,1
us,2009,generalelectric,0,0,1
us,2002,southerncompany,0,0,0
us,2002,ibm,0,0,2
us,2002,paccar,0,0,0
us,2002,chevron,0,0,0
us,2002,americanexpress,0,0,0
us,2002,amazon.cominc.,0,0,0
us,2002,targetcorp.,0,0,0
us,2002,sysco,0,0,0
us,2002,chartercommunications,0,0,0
us,2002,unitedtechnologies,0,1,0
us,2002,halliburton,0,0,0
us,2002,marriottinternational,0,1,0
us,2002,boeing,0,0,1
us,2002,verizon,0,1,0
us,2002,southwestairlines,0,0,0
us,2002,johnson&johnson,0,0,0
us,2002,danaher,0,0,0
us,2002,westerndigital,0,0,0
us,2002,eogresources,0,0,0
us,2002,internationalpaper,0,0,0
us,2002,carmax,0,0,0
us,2002,fluor,1,0,1
us,2002,lockheedmartin,0,0,1
us,2002,starbucks,0,0,0
us,2002,homedepot,0,0,0
us,2002,generalelectric,0,0,0
us,2002,libertymutualinsurance,0,0,0
us,2002,goldmansachsgroup,0,0,0
us,2002,ciscosystems,0,0,0
us,2002,appliedmaterials,0,0,0
us,2002,autonation,0,0,0
us,2002,honeywellinternational,0,0,0
us,2002,lowe's,0,0,0
us,2002,intel,0,0,0
us,2002,berkshirehathaway,0,0,0
us,2002,costco,0,0,0
us,2002,allstate,0,0,0
us,2002,cvshealth,0,0,0
us,2002,capitalonefinancial,0,0,0
us,2002,raytheon,0,1,0
us,2002,walmart,0,0,0
us,2002,proxy&gamble,0,0,0
us,2002,whirlpool,1,0,0
us,2002,prudentialfinancial,0,1,0
us,2002,hp,0,0,0
us,2002,jabil,0,0,0
us,2002,waltdisney,0,0,0
us,2002,humana,0,0,0
us,2002,usbancorp,1,0,0
us,2002,emerson electric,0,0,0
us,2002,pnc,1,0,0
us,2002,bankofamericacorp.,2,0,2
us,2002,mckesson,0,0,0
us,2002,bestbuy,0,0,0
us,2002,wellsfargo,0,1,0
us,2002,genuineparts,0,0,0
us,2002,fedex,0,0,0
us,2002,metlifeinc.,0,0,1
us,2000,lowe's,0,0,0
us,2000,jabil,0,0,0
us,2000,cvshealth,0,0,0
us,2000,allstate,0,0,0
us,2000,costco,0,0,0
us,2000,pnc,0,0,0
us,2000,goldmansachsgroup,1,1,0
us,2000,capitalonefinancial,0,0,0
us,2000,wellsfargo,0,0,0
us,2000,homedepot,0,0,0
us,2000,chartercommunications,0,0,0
us,2000,southwestairlines,0,0,0
us,2000,boeing,0,0,1
us,2000,bankofamericacorp.,0,0,0
us,2000,marriottinternational,0,1,0
us,2000,walmart,0,0,0
us,2000,carmax,0,0,0
us,2000,waltdisney,0,0,0
us,2000,westerndigital,0,0,0
us,2000,sysco,0,0,0
us,2000,bestbuy,0,0,0
us,2000,amazon.cominc.,0,0,0
us,2000,intel,0,0,0
us,2000,generalelectric,0,0,0
us,2000,fedex,0,0,0
us,2000,lockheedmartin,0,0,0
us,2000,unitedtechnologies,0,0,0
us,2000,emerson electric,0,0,0
us,2000,fluor,0,0,1
us,2000,halliburton,0,0,0
us,2000,targetcorp.,0,0,0
us,2000,eogresources,0,0,0
us,2000,starbucks,0,0,0
us,2000,mckesson,0,0,0
us,2000,honeywellinternational,0,0,0
us,2000,metlifeinc.,0,0,0
us,2000,internationalpaper,0,0,0
us,2000,chevron,0,0,0
us,2000,humana,0,0,0
us,2000,autonation,0,0,0
us,2000,danaher,0,0,0
us,2000,hp,0,0,0
us,2000,ibm,0,0,1
us,2000,proxy&gamble,0,0,0
us,2000,berkshirehathaway,0,0,0
us,2018,jpmorganchase,0,2,1
us,2018,elililly,0,2,0
us,2018,nucor,0,0,0
us,2018,capitalonefinancial,0,1,0
us,2018,lear,0,0,0
us,2018,humana,0,0,0
us,2018,emerson electric,0,1,1
us,2018,boeing,0,0,0
us,2018,fluor,1,0,0
us,2018,hp,1,2,0
us,2018,eogresources,0,0,0
us,2018,ibm,0,1,0
us,2018,americanexpress,0,0,0
us,2018,altriagroup,0,0,0
us,2018,amazon.cominc.,0,0,0
us,2018,autonation,0,0,0
us,2018,proxy&gamble,1,0,0
us,2018,targetcorp.,0,0,0
us,2018,fedex,0,0,0
us,2018,bankofamericacorp.,1,1,0
us,2018,dollartree,0,0,0
us,2018,wellsfargo,1,4,5
us,2018,southerncompany,0,0,0
us,2018,generalelectric,0,0,0
us,2018,bristolmyerssquibb,0,1,0
us,2018,cvshealth,0,1,0
us,2018,westerndigital,0,1,0
us,2018,paccar,0,0,0
us,2018,walmart,0,0,0
us,2018,verizon,0,1,0
us,2018,lockheedmartin,0,0,0
us,2018,bestbuy,0,0,0
us,2018,jabil,0,0,0
us,2018,prudentialfinancial,3,2,0
us,2018,johnson&johnson,0,0,0
us,2018,chartercommunications,0,1,0
us,2018,southwestairlines,0,0,0
us,2018,aflac,0,0,0
us,2018,halliburton,0,3,1
us,2018,whirlpool,0,0,0
us,2018,sysco,0,0,0
us,2018,goldmansachsgroup,0,0,0
us,2018,internationalpaper,0,0,0
us,2018,starbucks,0,0,0
us,2018,ciscosystems,0,0,0
us,2018,nexteraenergy,0,0,0
us,2018,intel,3,0,1
us,2018,fordmotor,0,0,0
us,2018,raytheon,0,0,0
us,2018,unitedtechnologies,0,0,0
us,2018,mckesson,0,0,0
us,2018,ups,0,0,0
us,2018,allstate,1,2,3
us,2018,libertymutualinsurance,0,0,0
us,2018,freeport-mcmoran,0,0,0
us,2018,honeywellinternational,0,2,1
us,2018,molinahealthcare,0,0,0
us,2018,exxonmobil,0,1,2
us,2018,appliedmaterials,0,0,0
us,2018,usbancorp,0,1,0
us,2018,costco,0,1,0
us,2018,danaher,0,0,0
us,2018,waltdisney,0,0,0
us,2018,chevron,0,1,2
us,2018,berkshirehathaway,0,0,0
us,2018,genuineparts,0,0,0
us,2018,carmax,0,0,0
us,2018,marriottinternational,0,0,0
us,2018,lowe's,0,0,0
us,2018,homedepot,0,0,0
us,2018,pnc,0,0,0
us,2018,coca-cola,2,16,1
us,2001,southwestairlines,0,0,0
us,2001,proxy&gamble,0,0,0
us,2001,danaher,0,0,0
us,2001,targetcorp.,0,0,0
us,2001,halliburton,0,0,0
us,2001,americanexpress,0,0,0
us,2001,metlifeinc.,0,4,0
us,2001,humana,0,0,0
us,2001,honeywellinternational,0,0,0
us,2001,mckesson,0,0,0
us,2001,emerson electric,0,0,0
us,2001,libertymutualinsurance,0,0,0
us,2001,lowe's,0,0,0
us,2001,bestbuy,0,0,0
us,2001,verizon,0,1,0
us,2001,whirlpool,0,0,0
us,2001,chartercommunications,0,0,0
us,2001,autonation,0,0,0
us,2001,fedex,0,0,0
us,2001,goldmansachsgroup,0,1,0
us,2001,eogresources,0,0,0
us,2001,boeing,0,0,0
us,2001,lockheedmartin,0,0,1
us,2001,berkshirehathaway,0,0,0
us,2001,capitalonefinancial,0,0,0
us,2001,hp,0,0,0
us,2001,wellsfargo,0,0,1
us,2001,generalelectric,0,0,0
us,2001,intel,0,0,0
us,2001,sysco,0,1,0
us,2001,internationalpaper,0,0,0
us,2001,amazon.cominc.,0,0,0
us,2001,usbancorp,0,0,0
us,2001,unitedtechnologies,0,0,0
us,2001,appliedmaterials,0,0,0
us,2001,marriottinternational,0,1,0
us,2001,jabil,0,0,0
us,2001,fluor,0,0,0
us,2001,bankofamericacorp.,0,1,0
us,2001,walmart,0,0,0
us,2001,starbucks,0,0,0
us,2001,westerndigital,0,0,0
us,2001,chevron,0,0,0
us,2001,allstate,0,0,0
us,2001,waltdisney,0,0,0
us,2001,homedepot,0,0,0
us,2001,cvshealth,0,0,0
us,2001,carmax,0,0,0
us,2001,costco,0,0,0
us,2001,ibm,0,0,1
us,2001,pnc,0,0,0
us,2006,sysco,0,0,0
us,2006,boeing,0,0,0
us,2006,bristolmyerssquibb,0,0,0
us,2006,exxonmobil,0,0,0
us,2006,ciscosystems,0,0,0
us,2006,fedex,0,0,0
us,2006,costco,0,1,0
us,2006,jabil,0,0,0
us,2006,generalelectric,0,0,1
us,2006,archerdanielsmidland,0,0,0
us,2006,humana,0,0,0
us,2006,allstate,1,3,1
us,2006,johnson&johnson,0,0,0
us,2006,homedepot,0,0,0
us,2006,intel,0,0,0
us,2006,waltdisney,0,0,0
us,2006,targetcorp.,0,0,0
us,2006,bestbuy,0,0,0
us,2006,ibm,0,0,0
us,2006,hp,0,0,0
us,2006,danaher,1,0,0
us,2006,coca-cola,0,2,0
us,2006,unitedtechnologies,0,0,0
us,2006,internationalpaper,0,0,0
us,2006,whirlpool,0,0,0
us,2006,westerndigital,0,0,0
us,2006,autonation,0,0,0
us,2006,emerson electric,0,0,0
us,2006,metlifeinc.,0,0,1
us,2006,prudentialfinancial,0,0,0
us,2006,chartercommunications,0,0,0
us,2006,southwestairlines,0,0,0
us,2006,pnc,0,0,0
us,2006,ups,0,1,0
us,2006,genuineparts,0,0,0
us,2006,starbucks,1,1,0
us,2006,nexteraenergy,0,0,0
us,2006,nucor,0,0,0
us,2006,fluor,1,0,1
us,2006,halliburton,0,0,0
us,2006,eogresources,0,0,0
us,2006,paccar,0,0,0
us,2006,mckesson,0,0,0
us,2006,walmart,1,4,0
us,2006,chevron,0,0,0
us,2006,raytheon,0,0,0
us,2006,wellsfargo,0,0,0
us,2006,lowe's,0,0,0
us,2006,capitalonefinancial,0,0,0
us,2006,southerncompany,0,0,0
us,2006,lear,0,0,1
us,2006,altriagroup,0,0,0
us,2006,cvshealth,0,0,0
us,2006,carmax,0,0,0
us,2006,americanexpress,0,0,0
us,2006,marriottinternational,0,2,0
us,2006,generaldynamics,0,0,0
us,2006,freeport-mcmoran,0,0,1
us,2006,proxy&gamble,0,0,0
us,2006,verizon,0,1,0
us,2006,goldmansachsgroup,0,0,0
us,2006,lockheedmartin,0,0,0
us,2006,usbancorp,0,0,0
us,2006,libertymutualinsurance,0,0,0
us,2006,amazon.cominc.,0,0,0
us,2006,fordmotor,0,0,0
us,2006,berkshirehathaway,0,0,0
us,2006,jpmorganchase,0,3,0
us,2006,honeywellinternational,0,0,0
us,2006,aflac,0,0,0
us,2006,appliedmaterials,0,0,0
us,2006,dollartree,0,0,0
us,2006,molinahealthcare,1,1,0
us,2006,bankofamericacorp.,0,1,0
us,2012,allstate,0,0,0
us,2012,johnson&johnson,0,0,0
us,2012,chevron,0,0,0
us,2012,raytheon,0,0,0
us,2012,nexteraenergy,0,0,0
us,2012,starbucks,0,0,0
us,2012,costco,0,0,0
us,2012,nucor,0,0,1
us,2012,generaldynamics,0,1,0
us,2012,genuineparts,0,0,0
us,2012,carmax,0,0,0
us,2012,marriottinternational,0,0,0
us,2012,goldmansachsgroup,0,0,0
us,2012,prudentialfinancial,0,5,0
us,2012,hp,0,0,0
us,2012,lear,0,0,1
us,2012,berkshirehathaway,0,0,0
us,2012,bristolmyerssquibb,0,2,0
us,2012,aflac,0,0,0
us,2012,usbancorp,0,1,0
us,2012,bankofamericacorp.,0,0,0
us,2012,sysco,0,0,1
us,2012,ups,0,0,0
us,2012,jpmorganchase,0,0,0
us,2012,boeing,0,0,0
us,2012,paccar,0,0,0
us,2012,westerndigital,0,0,0
us,2012,fluor,1,0,0
us,2012,lowe's,0,0,0
us,2012,internationalpaper,0,0,0
us,2012,jabil,0,0,0
us,2012,appliedmaterials,0,0,0
us,2012,capitalonefinancial,0,0,1
us,2012,honeywellinternational,0,0,0
us,2012,generalelectric,0,0,0
us,2012,unitedtechnologies,0,0,0
us,2012,waltdisney,0,0,0
us,2012,ibm,0,0,0
us,2012,pnc,0,0,0
us,2012,libertymutualinsurance,0,0,0
us,2012,fordmotor,0,0,0
us,2012,humana,0,0,0
us,2012,chartercommunications,0,0,0
us,2012,mckesson,0,0,0
us,2012,altriagroup,0,1,0
us,2012,ciscosystems,0,0,0
us,2012,dollartree,0,0,0
us,2012,archerdanielsmidland,0,0,1
us,2012,targetcorp.,0,0,0
us,2012,danaher,0,0,0
us,2012,freeport-mcmoran,0,0,0
us,2012,wellsfargo,0,0,0
us,2012,lockheedmartin,0,1,0
us,2012,coca-cola,0,0,0
us,2012,walmart,0,0,0
us,2012,cvshealth,0,0,0
us,2012,exxonmobil,0,0,1
us,2012,fedex,0,0,0
us,2012,autonation,0,0,0
us,2012,intel,0,0,0
us,2012,verizon,0,0,0
us,2012,metlifeinc.,0,1,1
us,2012,southerncompany,0,0,0
us,2012,whirlpool,0,0,0
us,2012,emerson electric,0,0,0
us,2012,proxy&gamble,0,0,0
us,2012,eogresources,0,0,0
us,2012,homedepot,0,0,0
us,2016,targetcorp.,0,0,0
us,2016,autonation,0,0,0
us,2016,bankofamericacorp.,0,0,0
us,2016,eogresources,0,0,0
us,2016,fedex,0,0,0
us,2016,appliedmaterials,0,0,0
us,2016,jpmorganchase,0,1,1
us,2016,internationalpaper,0,0,0
us,2016,libertymutualinsurance,0,0,0
us,2016,nexteraenergy,0,0,0
us,2016,chevron,0,0,0
us,2016,whirlpool,0,0,0
us,2016,southwestairlines,0,0,0
us,2016,starbucks,0,0,0
us,2016,wellsfargo,0,6,0
us,2016,genuineparts,0,0,0
us,2016,chartercommunications,0,1,0
us,2016,carmax,0,0,0
us,2016,verizon,0,0,0
us,2016,generaldynamics,0,1,0
us,2016,ibm,0,0,0
us,2016,halliburton,0,0,0
us,2016,usbancorp,0,2,0
us,2016,generalelectric,0,1,0
us,2016,berkshirehathaway,0,0,0
us,2016,humana,0,0,0
us,2016,aflac,0,0,0
us,2016,prudentialfinancial,1,4,0
us,2016,freeport-mcmoran,0,0,0
us,2016,goldmansachsgroup,0,0,0
us,2016,capitalonefinancial,0,1,0
us,2016,fordmotor,0,0,0
us,2016,waltdisney,0,0,0
us,2016,lowe's,0,0,0
us,2016,proxy&gamble,2,0,0
us,2016,southerncompany,0,1,0
us,2016,homedepot,0,0,0
us,2016,molinahealthcare,0,0,0
us,2016,ciscosystems,0,0,0
us,2016,ups,0,0,1
us,2016,danaher,0,0,0
us,2016,pnc,0,0,0
us,2016,marriottinternational,0,0,0
us,2016,bestbuy,0,0,0
us,2016,boeing,0,0,0
us,2016,coca-cola,1,3,0
us,2016,sysco,0,0,1
us,2016,lockheedmartin,0,0,0
us,2016,allstate,0,0,1
us,2016,raytheon,0,2,0
us,2016,westerndigital,0,0,0
us,2016,exxonmobil,0,0,0
us,2016,amazon.cominc.,0,0,0
us,2016,nucor,0,0,1
us,2016,fluor,1,0,0
us,2016,johnson&johnson,0,0,0
us,2016,dollartree,0,0,0
us,2016,altriagroup,0,1,0
us,2016,honeywellinternational,0,0,0
us,2016,unitedtechnologies,0,0,0
us,2016,costco,0,0,0
us,2016,mckesson,0,0,0
us,2016,emerson electric,0,0,0
us,2016,bristolmyerssquibb,0,1,1
us,2016,lear,0,0,2
us,2016,americanexpress,0,0,0
us,2016,hp,0,0,0
us,2016,jabil,0,0,0
us,2016,intel,0,1,0
us,2016,paccar,0,0,0
us,2016,walmart,0,0,0
us,2008,wellsfargo,0,0,0
us,2008,ciscosystems,0,0,0
us,2008,prudentialfinancial,0,0,0
us,2008,bankofamericacorp.,0,1,0
us,2008,elililly,0,1,0
us,2008,archerdanielsmidland,0,1,0
us,2008,dollartree,0,0,0
us,2008,ibm,0,0,0
us,2008,nucor,0,0,0
us,2008,targetcorp.,0,1,0
us,2008,goldmansachsgroup,0,0,0
us,2008,verizon,0,1,1
us,2008,marriottinternational,1,1,0
us,2008,autonation,0,0,0
us,2008,lear,0,0,0
us,2008,walmart,0,0,0
us,2008,aflac,0,0,0
us,2008,fordmotor,0,0,0
us,2008,chartercommunications,0,0,0
us,2008,libertymutualinsurance,0,0,0
us,2008,metlifeinc.,0,0,1
us,2008,carmax,0,0,0
us,2008,honeywellinternational,0,0,0
us,2008,cvshealth,0,0,0
us,2008,westerndigital,0,0,0
us,2008,chevron,0,0,0
us,2008,sysco,0,0,0
us,2008,unitedtechnologies,0,1,0
us,2008,whirlpool,0,0,0
us,2008,homedepot,0,0,0
us,2008,genuineparts,0,0,0
us,2008,altriagroup,0,0,0
us,2008,ups,0,0,0
us,2008,coca-cola,0,0,0
us,2008,southerncompany,0,0,0
us,2008,costco,0,0,0
us,2008,boeing,0,0,0
us,2008,bestbuy,0,0,0
us,2008,humana,0,0,0
us,2008,nexteraenergy,0,0,0
us,2008,generalelectric,0,0,1
us,2008,johnson&johnson,0,0,0
us,2008,intel,0,0,0
us,2008,starbucks,0,0,0
us,2008,generaldynamics,0,1,0
us,2008,hp,0,0,0
us,2008,allstate,0,0,0
us,2008,mckesson,0,0,0
us,2008,jpmorganchase,0,0,0
us,2008,danaher,0,0,0
us,2008,usbancorp,0,0,0
us,2008,exxonmobil,0,0,1
us,2008,eogresources,0,0,0
us,2008,bristolmyerssquibb,0,0,0
us,2008,lowe's,0,0,0
us,2008,paccar,0,0,0
us,2008,berkshirehathaway,0,0,0
us,2008,waltdisney,0,0,0
us,2008,internationalpaper,0,0,0
us,2008,fedex,0,0,0
us,2008,fluor,1,0,0
us,2008,lockheedmartin,0,0,0
us,2008,freeport-mcmoran,0,0,0
us,2008,molinahealthcare,1,1,0
us,2008,appliedmaterials,0,0,0
us,2008,halliburton,0,0,0
us,2008,southwestairlines,0,0,0
us,2008,amazon.cominc.,0,0,0
us,2008,capitalonefinancial,0,0,0
us,2008,americanexpress,0,0,0
us,2008,jabil,0,0,0
us,2008,proxy&gamble,0,0,0
us,2008,raytheon,0,1,0
us,2008,pnc,0,0,0
us,2008,emerson electric,0,0,0
us,2013,targetcorp.,0,0,0
us,2013,generaldynamics,0,1,0
us,2013,cvshealth,0,0,0
us,2013,humana,0,0,0
us,2013,archerdanielsmidland,0,0,4
us,2013,jabil,0,0,0
us,2013,autonation,0,0,0
us,2013,allstate,0,0,0
us,2013,chevron,0,0,0
us,2013,intel,0,0,0
us,2013,bestbuy,0,0,0
us,2013,unitedtechnologies,0,0,0
us,2013,appliedmaterials,0,0,0
us,2013,fordmotor,0,0,0
us,2013,westerndigital,0,0,0
us,2013,raytheon,0,0,0
us,2013,carmax,0,0,0
us,2013,southwestairlines,0,0,0
us,2013,verizon,0,0,0
us,2013,fedex,0,0,0
us,2013,emerson electric,0,0,0
us,2013,coca-cola,0,0,0
us,2013,mckesson,0,0,0
us,2013,freeport-mcmoran,0,0,0
us,2013,usbancorp,0,1,0
us,2013,generalelectric,0,0,0
us,2013,danaher,0,0,0
us,2013,eogresources,0,0,0
us,2013,lear,0,0,0
us,2013,bankofamericacorp.,0,1,0
us,2013,marriottinternational,0,0,0
us,2013,ibm,0,0,0
us,2013,amazon.cominc.,0,0,0
us,2013,altriagroup,0,1,0
us,2013,wellsfargo,1,2,1
us,2013,sysco,0,0,1
us,2013,whirlpool,0,0,0
us,2013,costco,0,0,0
us,2013,proxy&gamble,0,0,0
us,2013,ciscosystems,0,0,0
us,2013,honeywellinternational,0,0,0
us,2013,waltdisney,0,0,0
us,2013,fluor,1,0,0
us,2013,halliburton,0,0,0
us,2013,chartercommunications,0,0,0
us,2013,pnc,0,0,0
us,2013,lockheedmartin,0,0,0
us,2013,southerncompany,0,0,0
us,2013,dollartree,0,0,0
us,2013,berkshirehathaway,0,0,0
us,2013,paccar,0,0,0
us,2013,nexteraenergy,1,1,0
us,2013,libertymutualinsurance,0,0,0
us,2013,ups,0,0,0
us,2013,genuineparts,0,0,0
us,2013,internationalpaper,0,0,0
us,2013,metlifeinc.,0,0,1
us,2013,lowe's,0,0,0
us,2013,molinahealthcare,0,0,0
us,2013,prudentialfinancial,1,2,0
us,2013,goldmansachsgroup,0,3,1
us,2013,walmart,0,0,1
us,2013,hp,0,0,0
us,2013,boeing,0,0,0
us,2013,aflac,0,0,0
us,2013,homedepot,0,0,0
us,2013,bristolmyerssquibb,0,1,0
us,2013,exxonmobil,0,0,0
us,2013,johnson&johnson,0,0,0
us,2013,capitalonefinancial,0,0,1
us,2013,jpmorganchase,0,0,0
us,2003,molinahealthcare,2,0,0
us,2003,capitalonefinancial,0,0,0
us,2003,prudentialfinancial,0,0,0
us,2003,bankofamericacorp.,0,1,0
us,2003,goldmansachsgroup,0,0,0
us,2003,allstate,0,0,0
us,2003,jabil,0,0,0
us,2003,boeing,0,0,0
us,2003,chartercommunications,0,0,0
us,2003,southwestairlines,0,0,0
us,2003,southerncompany,0,0,0
us,2003,cvshealth,0,0,0
us,2003,carmax,0,0,0
us,2003,coca-cola,0,0,0
us,2003,sysco,0,0,0
us,2003,fedex,0,0,0
us,2003,emerson electric,0,0,0
us,2003,marriottinternational,1,1,0
us,2003,danaher,0,0,0
us,2003,ciscosystems,0,0,0
us,2003,libertymutualinsurance,0,0,0
us,2003,raytheon,0,1,0
us,2003,walmart,0,0,0
us,2003,eogresources,0,0,0
us,2003,amazon.cominc.,0,0,0
us,2003,generaldynamics,0,0,0
us,2003,intel,0,0,0
us,2003,bestbuy,0,0,0
us,2003,fordmotor,0,0,0
us,2003,wellsfargo,0,0,0
us,2003,ibm,0,0,0
us,2003,verizon,0,1,0
us,2003,chevron,0,1,1
us,2003,hp,0,0,0
us,2003,berkshirehathaway,0,0,0
us,2003,usbancorp,0,0,0
us,2003,proxy&gamble,0,0,0
us,2003,pnc,0,1,0
us,2003,mckesson,0,0,0
us,2003,americanexpress,0,0,0
us,2003,whirlpool,1,1,1
us,2003,halliburton,0,0,0
us,2003,homedepot,0,0,0
us,2003,jpmorganchase,0,0,1
us,2003,ups,0,0,0
us,2003,nexteraenergy,0,0,0
us,2003,johnson&johnson,0,0,0
us,2003,westerndigital,0,0,0
us,2003,genuineparts,0,0,0
us,2003,costco,0,0,0
us,2003,internationalpaper,0,0,0
us,2003,appliedmaterials,0,0,0
us,2003,archerdanielsmidland,0,0,0
us,2003,altriagroup,0,0,0
us,2003,starbucks,0,0,0
us,2003,lowe's,0,0,0
us,2003,paccar,0,0,0
us,2003,metlifeinc.,0,0,1
us,2003,targetcorp.,0,3,1
us,2003,exxonmobil,0,0,0
us,2003,lockheedmartin,0,0,0
us,2003,freeport-mcmoran,0,0,0
us,2003,nucor,0,0,0
us,2003,generalelectric,0,0,0
us,2003,aflac,0,0,0
us,2003,autonation,0,0,0
us,2003,waltdisney,1,0,0
us,2003,fluor,0,0,1
us,2003,honeywellinternational,0,1,0
us,2003,unitedtechnologies,0,1,0
us,2003,bristolmyerssquibb,0,0,0
us,2003,humana,0,0,0
us,2007,boeing,0,0,0
us,2007,hp,0,0,0
us,2007,metlifeinc.,0,0,1
us,2007,fluor,1,1,0
us,2007,usbancorp,0,0,0
us,2007,danaher,0,0,0
us,2007,chevron,0,0,0
us,2007,raytheon,0,0,0
us,2007,fordmotor,0,0,0
us,2007,paccar,0,0,0
us,2007,altriagroup,0,0,0
us,2007,carmax,0,0,0
us,2007,allstate,0,0,0
us,2007,nexteraenergy,0,0,0
us,2007,mckesson,0,0,0
us,2007,dollartree,0,0,0
us,2007,halliburton,0,0,0
us,2007,wellsfargo,0,0,0
us,2007,emerson electric,0,0,0
us,2007,bestbuy,0,0,0
us,2007,walmart,0,2,0
us,2007,intel,0,0,0
us,2007,ups,0,0,1
us,2007,ibm,0,0,0
us,2007,verizon,0,1,0
us,2007,berkshirehathaway,0,0,0
us,2007,jpmorganchase,1,3,0
us,2007,lowe's,0,0,0
us,2007,chartercommunications,0,0,0
us,2007,appliedmaterials,0,0,0
us,2007,southerncompany,1,0,0
us,2007,targetcorp.,0,0,0
us,2007,proxy&gamble,0,1,0
us,2007,prudentialfinancial,0,0,0
us,2007,nucor,0,0,0
us,2007,bristolmyerssquibb,0,0,0
us,2007,jabil,1,0,0
us,2007,freeport-mcmoran,0,0,0
us,2007,bankofamericacorp.,0,1,0
us,2007,starbucks,0,0,0
us,2007,cvshealth,0,0,0
us,2007,honeywellinternational,0,0,0
us,2007,molinahealthcare,1,1,0
us,2007,aflac,0,0,0
us,2007,capitalonefinancial,0,0,0
us,2007,costco,0,0,0
us,2007,eogresources,0,0,0
us,2007,genuineparts,0,0,0
us,2007,johnson&johnson,0,0,0
us,2007,unitedtechnologies,0,0,0
us,2007,autonation,0,0,0
us,2007,whirlpool,0,0,0
us,2007,sysco,0,0,0
us,2007,goldmansachsgroup,0,0,0
us,2007,coca-cola,0,1,0
us,2007,internationalpaper,0,0,0
us,2007,waltdisney,0,0,0
us,2007,libertymutualinsurance,0,0,0
us,2007,lear,0,0,1
us,2007,ciscosystems,0,0,0
us,2007,lockheedmartin,0,0,0
us,2007,humana,0,0,0
us,2007,marriottinternational,0,5,4
us,2007,americanexpress,0,0,0
us,2007,pnc,0,0,0
us,2007,westerndigital,0,0,0
us,2007,exxonmobil,0,0,1
us,2007,generaldynamics,0,0,0
us,2007,archerdanielsmidland,0,0,0
us,2007,fedex,0,0,0
us,2007,amazon.cominc.,0,0,0
us,2007,generalelectric,0,0,1
us,2007,homedepot,0,0,0
us,2007,southwestairlines,0,0,0
us,2011,internationalpaper,0,0,0
us,2011,appliedmaterials,0,0,0
us,2011,waltdisney,0,0,0
us,2011,raytheon,0,0,0
us,2011,humana,0,0,0
us,2011,ciscosystems,0,0,0
us,2011,ups,0,0,0
us,2011,mckesson,0,0,0
us,2011,halliburton,0,0,0
us,2011,carmax,0,0,0
us,2011,eogresources,0,0,0
us,2011,archerdanielsmidland,0,0,1
us,2011,wellsfargo,2,0,0
us,2011,marriottinternational,0,2,0
us,2011,fluor,1,0,0
us,2011,homedepot,0,0,0
us,2011,metlifeinc.,0,0,1
us,2011,emerson electric,0,0,0
us,2011,freeport-mcmoran,0,0,0
us,2011,prudentialfinancial,1,2,0
us,2011,pnc,0,1,0
us,2011,unitedtechnologies,0,0,0
us,2011,amazon.cominc.,0,0,0
us,2011,berkshirehathaway,0,0,0
us,2011,lear,0,0,0
us,2011,bristolmyerssquibb,0,0,0
us,2011,aflac,0,0,0
us,2011,danaher,0,0,0
us,2011,lowe's,0,0,0
us,2011,sysco,0,1,1
us,2011,jpmorganchase,0,0,0
us,2011,jabil,0,0,0
us,2011,chevron,0,0,0
us,2011,libertymutualinsurance,0,0,0
us,2011,intel,0,0,0
us,2011,dollartree,0,0,0
us,2011,walmart,0,0,0
us,2011,genuineparts,0,0,0
us,2011,capitalonefinancial,1,9,2
us,2011,targetcorp.,0,0,0
us,2011,lockheedmartin,0,0,0
us,2011,honeywellinternational,0,0,0
us,2011,coca-cola,0,0,0
us,2011,paccar,0,0,0
us,2011,hp,0,0,0
us,2011,fedex,0,0,0
us,2011,altriagroup,0,0,0
us,2011,autonation,0,0,0
us,2011,molinahealthcare,0,0,0
us,2011,bestbuy,0,0,0
us,2011,usbancorp,0,0,0
us,2011,fordmotor,0,0,0
us,2011,johnson&johnson,0,0,0
us,2011,whirlpool,0,0,0
us,2011,goldmansachsgroup,0,1,0
us,2011,nexteraenergy,0,0,0
us,2011,exxonmobil,0,0,2
us,2011,nucor,0,0,0
us,2011,proxy&gamble,0,0,0
us,2011,boeing,0,0,0
us,2011,starbucks,0,0,0
us,2011,costco,0,0,0
us,2011,bankofamericacorp.,0,0,0
us,2011,southerncompany,0,0,0
us,2011,verizon,0,0,0
us,2011,generaldynamics,0,1,0
us,2011,westerndigital,0,0,0
us,2011,allstate,0,0,0
us,2011,chartercommunications,0,0,0
us,2004,jabil,0,0,1
us,2004,unitedtechnologies,0,0,0
us,2004,honeywellinternational,0,0,0
us,2004,autonation,0,0,0
us,2004,archerdanielsmidland,0,0,0
us,2004,starbucks,0,0,0
us,2004,genuineparts,0,1,0
us,2004,paccar,0,0,0
us,2004,southwestairlines,0,0,0
us,2004,raytheon,0,1,0
us,2004,goldmansachsgroup,0,0,0
us,2004,bankofamericacorp.,0,2,1
us,2004,generalelectric,0,0,0
us,2004,ibm,0,0,0
us,2004,usbancorp,0,0,0
us,2004,emerson electric,0,0,0
us,2004,ciscosystems,0,0,0
us,2004,fordmotor,0,1,0
us,2004,dollartree,0,0,0
us,2004,internationalpaper,0,0,0
us,2004,bristolmyerssquibb,0,0,0
us,2004,hp,0,0,0
us,2004,cvshealth,0,1,0
us,2004,fluor,1,0,1
us,2004,targetcorp.,0,0,0
us,2004,costco,0,0,0
us,2004,eogresources,0,0,0
us,2004,homedepot,0,0,0
us,2004,walmart,0,1,0
us,2004,coca-cola,0,0,0
us,2004,lear,0,0,0
us,2004,pnc,0,0,0
us,2004,freeport-mcmoran,0,0,0
us,2004,whirlpool,0,0,0
us,2004,southerncompany,0,0,0
us,2004,allstate,0,0,0
us,2004,sysco,0,0,1
us,2004,appliedmaterials,0,0,0
us,2004,berkshirehathaway,0,0,0
us,2004,verizon,0,1,0
us,2004,wellsfargo,0,0,0
us,2004,mckesson,0,0,0
us,2004,fedex,0,0,0
us,2004,carmax,0,0,1
us,2004,amazon.cominc.,0,0,0
us,2004,marriottinternational,0,2,0
us,2004,altriagroup,0,1,0
us,2004,nexteraenergy,0,0,0
us,2004,prudentialfinancial,0,1,1
us,2004,humana,0,0,0
us,2004,waltdisney,0,0,0
us,2004,lowe's,0,0,0
us,2004,capitalonefinancial,0,0,0
us,2004,lockheedmartin,0,0,0
us,2004,bestbuy,0,0,0
us,2004,proxy&gamble,0,0,0
us,2004,metlifeinc.,0,0,1
us,2004,halliburton,0,0,0
us,2004,danaher,0,0,0
us,2004,aflac,0,0,0
us,2004,chevron,0,0,0
us,2004,chartercommunications,0,0,0
us,2004,intel,0,0,0
us,2004,nucor,0,0,0
us,2004,molinahealthcare,2,0,0
us,2004,ups,0,0,0
us,2004,exxonmobil,0,0,1
us,2004,westerndigital,0,0,0
us,2004,johnson&johnson,0,0,0
us,2004,americanexpress,0,0,0
us,2004,jpmorganchase,0,1,2
us,2004,boeing,0,0,0
us,2004,libertymutualinsurance,0,0,0
us,2004,generaldynamics,0,0,0
us,2015,honeywellinternational,0,0,0
us,2015,bankofamericacorp.,1,0,0
us,2015,waltdisney,0,0,0
us,2015,paccar,0,0,0
us,2015,raytheon,0,0,0
us,2015,goldmansachsgroup,1,0,0
us,2015,unitedtechnologies,1,1,0
us,2015,carmax,0,0,0
us,2015,generaldynamics,0,1,0
us,2015,cvshealth,0,0,0
us,2015,starbucks,0,0,0
us,2015,ups,0,0,0
us,2015,johnson&johnson,0,0,0
us,2015,fedex,0,0,0
us,2015,exxonmobil,0,0,0
us,2015,verizon,0,0,0
us,2015,whirlpool,0,0,0
us,2015,emerson electric,0,0,0
us,2015,dollartree,0,0,0
us,2015,berkshirehathaway,0,0,0
us,2015,mckesson,0,0,0
us,2015,autonation,0,0,0
us,2015,lowe's,0,0,0
us,2015,jpmorganchase,0,0,1
us,2015,lear,0,0,0
us,2015,genuineparts,0,0,0
us,2015,libertymutualinsurance,0,1,0
us,2015,sysco,0,0,1
us,2015,pnc,0,0,0
us,2015,bristolmyerssquibb,0,2,0
us,2015,capitalonefinancial,0,0,0
us,2015,prudentialfinancial,0,2,0
us,2015,eogresources,0,0,0
us,2015,molinahealthcare,0,0,0
us,2015,usbancorp,0,2,0
us,2015,marriottinternational,0,0,0
us,2015,nexteraenergy,1,1,0
us,2015,ibm,0,0,0
us,2015,lockheedmartin,0,0,0
us,2015,southerncompany,0,1,0
us,2015,fluor,1,0,0
us,2015,metlifeinc.,0,0,1
us,2015,aflac,0,0,0
us,2015,chartercommunications,0,0,0
us,2015,homedepot,0,0,0
us,2015,archerdanielsmidland,0,0,3
us,2015,freeport-mcmoran,0,0,0
us,2015,wellsfargo,2,0,1
us,2015,danaher,0,0,0
us,2015,generalelectric,0,1,2
us,2015,walmart,0,0,0
us,2015,amazon.cominc.,0,0,0
us,2015,boeing,0,0,0
us,2015,humana,0,0,0
us,2015,proxy&gamble,0,1,0
us,2015,southwestairlines,0,0,0
us,2015,intel,0,3,0
us,2015,bestbuy,0,0,0
us,2015,hp,0,0,0
us,2015,chevron,0,0,0
us,2015,fordmotor,0,0,0
us,2015,targetcorp.,0,0,0
us,2015,allstate,0,0,1
us,2015,appliedmaterials,0,0,0
us,2015,internationalpaper,0,0,0
us,2015,ciscosystems,0,0,0
us,2015,halliburton,0,0,0
us,2015,costco,0,0,0
us,2010,archerdanielsmidland,0,0,0
us,2010,prudentialfinancial,1,1,0
us,2010,danaher,0,0,0
us,2010,appliedmaterials,0,0,0
us,2010,molinahealthcare,0,0,0
us,2010,costco,0,0,0
us,2010,freeport-mcmoran,0,0,0
us,2010,johnson&johnson,0,0,0
us,2010,cvshealth,0,0,0
us,2010,bestbuy,0,0,0
us,2010,jabil,0,0,0
us,2010,lockheedmartin,0,0,0
us,2010,walmart,0,0,0
us,2010,ups,0,0,0
us,2010,intel,0,0,0
us,2010,bristolmyerssquibb,0,0,0
us,2010,waltdisney,0,0,0
us,2010,mckesson,0,0,0
us,2010,starbucks,0,0,0
us,2010,berkshirehathaway,0,0,0
us,2010,chevron,0,0,0
us,2010,verizon,0,1,0
us,2010,dollartree,0,0,0
us,2010,halliburton,0,0,0
us,2010,nucor,0,0,0
us,2010,raytheon,0,0,0
us,2010,southwestairlines,0,0,0
us,2010,allstate,0,0,0
us,2010,chartercommunications,0,0,0
us,2010,homedepot,0,0,0
us,2010,fedex,0,0,0
us,2010,whirlpool,0,1,0
us,2010,americanexpress,0,0,0
us,2010,usbancorp,0,0,0
us,2010,libertymutualinsurance,0,0,0
us,2010,proxy&gamble,0,0,0
us,2010,wellsfargo,0,0,0
us,2010,generalelectric,0,0,0
us,2010,ibm,0,0,0
us,2010,metlifeinc.,0,0,1
us,2010,exxonmobil,0,0,2
us,2010,westerndigital,0,0,0
us,2010,aflac,0,0,0
us,2010,ciscosystems,0,0,0
us,2010,lear,0,0,0
us,2010,southerncompany,0,0,0
us,2010,hp,0,0,0
us,2010,coca-cola,0,0,0
us,2010,sysco,0,0,1
us,2010,fluor,1,0,0
us,2010,capitalonefinancial,0,2,0
us,2010,goldmansachsgroup,0,0,0
us,2010,fordmotor,0,0,0
us,2010,nexteraenergy,0,0,0
us,2010,generaldynamics,0,1,0
us,2010,internationalpaper,0,0,0
us,2010,autonation,0,0,0
us,2010,honeywellinternational,0,0,0
us,2010,lowe's,0,0,0
us,2010,humana,0,0,0
us,2010,amazon.cominc.,0,0,0
us,2010,boeing,0,0,0
us,2010,bankofamericacorp.,0,2,0
us,2010,genuineparts,0,0,0
us,2010,carmax,0,0,0
us,2010,paccar,0,0,0
us,2010,unitedtechnologies,0,0,1
us,2010,marriottinternational,0,2,0
us,2010,altriagroup,0,0,0
us,2010,targetcorp.,0,1,0
us,2010,eogresources,0,0,0
us,2010,emerson electric,0,0,0
us,2010,jpmorganchase,0,0,0
us,2005,jpmorganchase,0,3,0
us,2005,coca-cola,0,0,0
us,2005,freeport-mcmoran,0,0,0
us,2005,danaher,1,0,0
us,2005,pnc,0,0,0
us,2005,archerdanielsmidland,0,0,0
us,2005,emerson electric,0,0,0
us,2005,intel,0,0,0
us,2005,marriottinternational,1,2,0
us,2005,fordmotor,0,0,0
us,2005,lockheedmartin,0,1,0
us,2005,dollartree,0,0,0
us,2005,allstate,1,0,0
us,2005,cvshealth,0,0,0
us,2005,altriagroup,0,0,0
us,2005,generalelectric,0,0,1
us,2005,westerndigital,0,0,0
us,2005,aflac,0,0,0
us,2005,sysco,0,0,0
us,2005,amazon.cominc.,0,0,0
us,2005,nexteraenergy,0,0,0
us,2005,verizon,0,1,0
us,2005,molinahealthcare,1,0,0
us,2005,starbucks,0,0,0
us,2005,honeywellinternational,0,0,0
us,2005,generaldynamics,0,0,0
us,2005,genuineparts,0,0,0
us,2005,ciscosystems,0,0,0
us,2005,metlifeinc.,0,0,1
us,2005,waltdisney,0,0,0
us,2005,fedex,0,0,0
us,2005,mckesson,0,0,0
us,2005,costco,0,0,0
us,2005,berkshirehathaway,0,0,0
us,2005,johnson&johnson,0,0,0
us,2005,bestbuy,0,0,0
us,2005,halliburton,0,0,0
us,2005,proxy&gamble,0,0,0
us,2005,bankofamericacorp.,1,1,0
us,2005,usbancorp,0,0,0
us,2005,wellsfargo,0,0,0
us,2005,walmart,0,1,0
us,2005,boeing,0,0,0
us,2005,humana,0,0,0
us,2005,lowe's,0,0,0
us,2005,goldmansachsgroup,1,0,0
us,2005,americanexpress,0,0,0
us,2005,ups,0,1,0
us,2005,carmax,0,0,0
us,2005,fluor,0,0,0
us,2005,southwestairlines,0,0,0
us,2005,prudentialfinancial,0,0,1
us,2005,exxonmobil,0,0,0
us,2005,lear,0,0,0
us,2005,libertymutualinsurance,0,0,0
us,2005,whirlpool,0,0,0
us,2005,hp,0,0,0
us,2005,chevron,0,0,0
us,2005,eogresources,0,0,0
us,2005,appliedmaterials,0,0,0
us,2005,homedepot,0,0,0
us,2005,autonation,0,0,0
us,2005,chartercommunications,0,0,0
us,2005,unitedtechnologies,0,0,0
us,2005,jabil,0,0,0
us,2005,ibm,0,0,0
us,2005,bristolmyerssquibb,0,0,0
us,2005,nucor,0,0,0
us,2005,raytheon,0,0,0
us,2005,paccar,0,0,0
us,2005,targetcorp.,0,0,0
us,2005,capitalonefinancial,0,0,0
us,2005,internationalpaper,0,0,0
us,2005,southerncompany,0,0,0
nl,1999,randstad,0,0,0
nl,1999,essent,0,0,0
nl,1999,reedannual,0,0,0
nl,1999,voda,0,0,0
nl,1999,schiphol,0,0,0
nl,1999,ballastnedam,0,0,0
nl,1999,veon,0,0,0
nl,1999,tencate annual report,0,0,0
nl,1999,akzonobel,0,2,1
nl,1999,philips,0,0,0
nl,1999,aegon,0,0,0
nl,1999,greenpeace,0,0,0
nl,1999,dsm,0,0,0
nl,1999,tencate,0,0,0
nl,2017,ikea,0,0,0
nl,2017,shell,2,2,6
nl,2017,ordinadutch,0,0,0
nl,2017,ballastnedam,0,0,0
nl,2017,reed,1,5,2
nl,2017,essent,0,0,0
nl,2017,klm,0,1,0
nl,2017,sbm,0,3,0
nl,2017,tele2,3,3,1
nl,2017,achmea,2,10,0
nl,2017,fugro,0,21,2
nl,2017,sns,1,10,0
nl,2017,tu copy,1,6,2
nl,2017,ahold,2,12,4
nl,2017,arcadis,4,16,0
nl,2017,kpmg,0,0,1
nl,2017,persgroep,0,0,0
nl,2017,binckbank,0,0,0
nl,2017,philips,2,22,1
nl,2017,randstad,2,14,2
nl,2017,triodos,1,3,0
nl,2017,bam,0,9,1
nl,2017,aegon,0,5,0
nl,2017,tatasteel-,1,11,1
nl,2017,aalberts,1,3,0
nl,2017,ns,1,2,1
nl,2017,asml,1,7,2
nl,2017,asm,1,7,2
nl,2017,ing,3,11,4
nl,2017,tu,1,6,2
nl,2017,dlg,0,0,0
nl,2017,eurocommercial,0,0,0
nl,2017,unilever,1,5,0
nl,2017,tomtom,0,3,3
nl,2017,frieslandcampina,0,3,0
nl,2017,voda,2,4,0
nl,2017,vastned,0,7,0
nl,2017,dsm,1,6,0
nl,2017,abn,0,11,0
nl,2017,rabobank,1,18,5
nl,2017,kpn,0,14,0
nl,2017,tencate annual review,0,0,0
nl,2017,boskalis,0,6,0
nl,2017,tencate,0,0,0
nl,2017,uva,0,1,0
nl,2017,sligro,0,4,0
nl,2017,wolters,0,5,0
nl,2017,akzonobel,1,12,0
nl,1998,ballastnedam,0,0,0
nl,1998,veon,0,0,0
nl,1998,greenpeace,0,0,0
nl,1998,philips,0,0,0
nl,1998,akzonobel,0,0,0
nl,1998,voda,0,0,0
nl,1998,ahold,0,0,0
nl,1998,schiphol,0,0,0
nl,2014,dlg,1,4,0
nl,2014,triodos,0,0,0
nl,2014,asm,0,0,0
nl,2014,eurocommercial,0,0,0
nl,2014,unibail,0,10,1
nl,2014,asml,0,0,0
nl,2014,frieslandcampina,0,3,0
nl,2014,arcelor,0,0,0
nl,2014,akzonobel,2,4,0
nl,2014,tencate,0,1,0
nl,2014,abn,0,2,1
nl,2014,wolters,2,2,2
nl,2014,fugro,0,1,0
nl,2014,tu copy,0,1,0
nl,2014,ing,1,3,1
nl,2014,philips,0,6,1
nl,2014,tatasteel-,0,2,0
nl,2014,schiphol,0,4,0
nl,2014,klm,0,2,0
nl,2014,tu,0,1,0
nl,2014,uva,1,2,0
nl,2014,ahold,0,0,0
nl,2014,veon,0,0,0
nl,2014,bam,0,7,0
nl,2014,vastned,0,1,0
nl,2014,heineken,0,0,0
nl,2014,ikea,0,1,0
nl,2014,e&y-,1,3,2
nl,2014,greenpeace,0,1,0
nl,2014,aalberts,0,0,0
nl,2014,tele2,0,2,0
nl,2014,tomtom,0,0,0
nl,2014,brunel,0,0,0
nl,2014,hema,0,0,0
nl,2014,nutreco,0,0,0
nl,2014,sligro,0,0,0
nl,2014,ns,2,1,1
nl,2014,aegon,0,3,0
nl,2014,sbm,0,0,0
nl,2014,ordinadutch,0,0,0
nl,2014,wereldhave,0,0,0
nl,2014,dsm,1,5,0
nl,2014,binckbank,0,0,0
nl,2014,arcadis,1,3,2
nl,2014,sns,1,2,1
nl,2014,imtech,0,0,1
nl,2014,ballastnedam,1,0,0
nl,2014,reed,0,2,2
nl,2014,rabobank,0,5,0
nl,2014,apg,0,0,0
nl,2014,voda,0,2,1
nl,2014,boskalis,0,0,0
nl,2014,unilever,2,3,0
nl,2014,randstad,0,0,0
nl,2014,achmea,0,8,0
nl,2014,kpmg,0,0,0
nl,2014,essent,0,0,0
nl,2014,shell,1,1,1
nl,2014,kpn,0,0,0
nl,2014,corio,0,0,1
nl,1993,voda,0,0,0
nl,2009,schiphol,0,1,0
nl,2009,veon,0,0,0
nl,2009,grontmij,0,0,0
nl,2009,arcadis,0,0,0
nl,2009,heineken,0,0,0
nl,2009,reed,0,1,0
nl,2009,eurocommercial,0,0,0
nl,2009,wereldhave,0,0,0
nl,2009,tatasteel,0,0,0
nl,2009,fugro,0,1,0
nl,2009,sns,0,0,0
nl,2009,tu,0,0,0
nl,2009,bam,1,0,0
nl,2009,uva,0,0,0
nl,2009,asm,0,0,0
nl,2009,e&y-,0,0,0
nl,2009,abn 12-54-48,0,0,0
nl,2009,aegon 19-00-55,0,0,0
nl,2009,tele2,0,0,0
nl,2009,ahold,0,0,0
nl,2009,aegon 17-58-52,0,0,0
nl,2009,akzonobel,1,8,0
nl,2009,philips,1,3,0
nl,2009,klm,0,0,0
nl,2009,greenpeace,0,0,0
nl,2009,frieslandcampina,0,0,0
nl,2009,voda,1,2,0
nl,2009,brunel,0,0,0
nl,2009,corio,0,0,0
nl,2009,apg,0,0,0
nl,2009,aegon,0,0,0
nl,2009,triodos,0,0,0
nl,2009,abn 18-48-10,0,0,0
nl,2009,tomtom,0,1,0
nl,2009,sbm,0,0,0
nl,2009,boskalis,0,0,0
nl,2009,ballastnedam,0,0,0
nl,2009,nutreco,0,0,0
nl,2009,rabobank,0,2,0
nl,2009,rotterdam,0,1,0
nl,2009,abn,0,0,0
nl,2009,shell,0,1,0
nl,2009,arcelor,1,0,1
nl,2009,delta lloyd,1,2,1
nl,2009,vastned,0,0,0
nl,2009,essent,0,0,0
nl,2009,dsm,1,2,0
nl,2009,dlg,1,2,1
nl,2009,unibail,0,1,0
nl,2009,sligro,0,0,0
nl,2009,kpmg,0,0,0
nl,2009,persgroep,0,0,0
nl,2009,achmea,0,0,0
nl,2009,imtech,0,0,0
nl,2009,ing,0,2,1
nl,2009,kpn,0,0,1
nl,2009,asml,0,0,0
nl,2009,randstad,4,5,3
nl,2009,wolters,1,0,0
nl,2009,aalberts,0,0,0
nl,2009,unilever,2,5,2
nl,2009,ordina,0,1,0
nl,2002,aalberts,0,0,0
nl,2002,unilever,0,2,0
nl,2002,boskalis,0,0,0
nl,2002,eurocommercial,0,0,0
nl,2002,imtech,0,0,0
nl,2002,corio,0,0,0
nl,2002,voda,0,0,0
nl,2002,heineken,0,0,0
nl,2002,essent,0,0,0
nl,2002,tencate,0,0,0
nl,2002,unibail,0,0,0
nl,2002,asm,0,0,0
nl,2002,dsm,0,0,0
nl,2002,schiphol,0,0,0
nl,2002,philips,0,0,1
nl,2002,arcadis,0,0,0
nl,2002,reed,0,0,0
nl,2002,sligro,0,0,0
nl,2002,greenpeace,0,0,0
nl,2002,sns,0,0,0
nl,2002,akzonobel,0,0,0
nl,2002,ballastnedam,0,0,0
nl,2002,rabobank,1,0,0
nl,2002,veon,0,0,0
nl,2002,grontmij,0,0,0
nl,2002,arcelor,0,0,0
nl,2002,wolters,0,0,0
nl,2002,randstad,0,0,0
nl,2002,dlg,0,0,0
nl,2002,binckbank,0,0,0
nl,2002,persgroep,0,0,0
nl,2002,sbm,0,0,0
nl,2002,asml,0,0,0
nl,2002,ahold,0,0,0
nl,2002,tu,0,0,0
nl,2002,shell,1,0,1
nl,2002,aegon,0,0,0
nl,2000,asml,0,0,0
nl,2000,unilever,0,1,0
nl,2000,tencate,0,0,0
nl,2000,unibail,0,0,0
nl,2000,persgroep,0,0,0
nl,2000,philips,0,0,0
nl,2000,tencate annual report,0,0,0
nl,2000,veon,0,0,0
nl,2000,akzonobel,0,0,0
nl,2000,voda,0,0,0
nl,2000,schiphol,0,0,0
nl,2000,randstad,0,0,0
nl,2000,sns,0,0,0
nl,2000,reed,0,0,0
nl,2000,arcadis,0,0,0
nl,2000,sbm,0,0,0
nl,2000,essent,0,0,0
nl,2000,aalberts,0,0,0
nl,2000,heineken,0,0,0
nl,2000,ballastnedam,0,0,0
nl,2000,dsm,0,0,0
nl,1990,voda,0,0,0
nl,2018,boskalis,0,6,0
nl,2018,fugro,0,11,1
nl,2018,philips,0,23,2
nl,2018,vastned,0,7,0
nl,2018,rabobank,3,4,3
nl,2018,asml,0,9,3
nl,2018,randstad,4,16,5
nl,2018,triodos,1,2,0
nl,2018,abn,0,6,0
nl,2018,aalberts,1,4,0
nl,2018,shell,1,3,2
nl,2018,ordina,0,5,0
nl,2018,ing,0,5,1
nl,2018,ikea,0,0,0
nl,2018,sbm,0,4,0
nl,2018,wolters,1,6,0
nl,2018,schiphol,1,3,0
nl,2018,tele2,0,0,0
nl,2018,bam,0,12,1
nl,2018,sligro,0,3,0
nl,2018,frieslandcampina,0,4,0
nl,2018,dsm,0,11,2
nl,2018,unilever,1,5,0
nl,2018,heineken,0,2,0
nl,1989,voda,0,0,0
nl,2001,randstad,0,0,0
nl,2001,rabobank,0,0,0
nl,2001,persgroep,0,0,0
nl,2001,boskalis,0,0,0
nl,2001,akzonobel,0,0,0
nl,2001,imtech,0,0,0
nl,2001,philips,0,0,0
nl,2001,sbm,0,0,0
nl,2001,dsm,0,0,0
nl,2001,shell,2,0,2
nl,2001,ing,0,0,0
nl,2001,tencate,0,0,0
nl,2001,schiphol,0,0,0
nl,2001,veon,0,0,0
nl,2001,essent,0,0,0
nl,2001,ballastnedam,0,0,0
nl,2001,arcadis,0,0,0
nl,2001,asml,0,0,0
nl,2001,reed,0,0,0
nl,2001,unilever,0,1,0
nl,2001,corio,0,0,0
nl,2001,voda,0,0,0
nl,2001,unibail,0,0,0
nl,2001,aegon,0,0,0
nl,2001,heineken,0,0,0
nl,2001,wolters,0,0,0
nl,2001,aalberts,0,0,0
nl,2001,sns,1,0,0
nl,2001,greenpeace,0,0,0
nl,2006,philips,0,0,1
nl,2006,voda,1,1,0
nl,2006,arcelor,0,0,0
nl,2006,unilever,2,6,1
nl,2006,dlg,0,3,0
nl,2006,achmea,0,0,0
nl,2006,rabobank,0,1,0
nl,2006,fugro,0,1,0
nl,2006,ordina,0,0,0
nl,2006,e&y-,0,0,0
nl,2006,reed,1,0,0
nl,2006,bam,0,0,0
nl,2006,brunel,0,0,0
nl,2006,ballastnedam,0,0,0
nl,2006,persgroep,0,0,0
nl,2006,wolters,0,0,1
nl,2006,veon,0,0,0
nl,2006,sligro,0,0,0
nl,2006,unibail,0,0,0
nl,2006,sbm,0,0,0
nl,2006,vastned,0,0,0
nl,2006,aalberts,0,0,0
nl,2006,klm,0,0,0
nl,2006,ahold,0,0,0
nl,2006,grontmij,0,0,0
nl,2006,dsm,0,0,0
nl,2006,sns,0,0,0
nl,2006,tu,0,0,0
nl,2006,asm,1,0,0
nl,2006,tele2,0,1,0
nl,2006,aegon,0,0,0
nl,2006,heineken,0,0,0
nl,2006,shell,0,1,0
nl,2006,binckbank,0,0,0
nl,2006,imtech,0,0,0
nl,2006,wereldhave,0,0,0
nl,2006,randstad,5,4,1
nl,2006,kpn,0,0,0
nl,2006,akzonobel,0,0,0
nl,2006,eurocommercial,0,0,0
nl,2006,tomtom,0,0,0
nl,2006,nutreco,0,0,0
nl,2006,ing,0,0,0
nl,2006,frieslandcampina,0,0,0
nl,2006,asml,0,0,0
nl,2006,kpmg,0,0,0
nl,2006,schiphol,0,0,0
nl,2006,arcadis,0,0,0
nl,2006,boskalis,0,0,0
nl,2006,tencate,0,0,0
nl,2006,tatasteel,0,0,0
nl,2006,essent,0,0,0
nl,2006,greenpeace,0,0,0
nl,2012,vastned,0,2,0
nl,2012,veon,0,0,0
nl,2012,asm,0,0,0
nl,2012,tomtom,0,0,0
nl,2012,aalberts,0,0,0
nl,2012,abn,1,5,1
nl,2012,philips,0,0,0
nl,2012,voda,0,4,3
nl,2012,uva,0,2,0
nl,2012,e&y-,0,3,1
nl,2012,bam,1,0,0
nl,2012,triodos,0,0,0
nl,2012,ikea,1,0,1
nl,2012,eurocommercial,0,0,0
nl,2012,randstad,1,14,3
nl,2012,ahold,0,0,0
nl,2012,kpmg,0,0,0
nl,2012,apg,0,0,0
nl,2012,klm,0,1,0
nl,2012,imtech,0,2,0
nl,2012,tatasteel,0,0,0
nl,2012,shell,1,1,2
nl,2012,frieslandcampina,0,1,0
nl,2012,arcelor,0,0,0
nl,2012,corio,0,0,1
nl,2012,grontmij,0,0,0
nl,2012,delta lloyd,1,13,1
nl,2012,unilever,3,7,2
nl,2012,wereldhave,0,0,1
nl,2012,akzonobel,2,9,1
nl,2012,schiphol,0,1,0
nl,2012,unibail,0,10,1
nl,2012,tencate,0,1,0
nl,2012,brunel,0,0,0
nl,2012,boskalis,0,2,0
nl,2012,tu,0,0,0
nl,2012,sns,1,4,0
nl,2012,nutreco,0,0,0
nl,2012,arcadis,0,1,0
nl,2012,rabobank,0,0,0
nl,2012,kpn,0,0,0
nl,2012,ordina,0,1,0
nl,2012,ballastnedam,0,1,1
nl,2012,heineken,0,1,0
nl,2012,greenpeace,0,0,0
nl,2012,essent,0,1,0
nl,2012,sligro,0,0,0
nl,2012,asml,0,0,0
nl,2012,binckbank,0,0,0
nl,2012,dsm,2,8,1
nl,2012,dlg,1,13,1
nl,2012,tele2,0,0,0
nl,2012,fugro,1,1,0
nl,2012,wolters,0,0,0
nl,2012,ing,0,1,1
nl,2012,sbm,0,0,0
nl,2012,achmea,0,0,0
nl,2012,aegon,0,1,0
nl,1997,voda,0,0,0
nl,1997,veon,0,0,0
nl,1997,reed,0,0,0
nl,2016,arcelor,0,0,0
nl,2016,dlg,3,2,0
nl,2016,rabobank,4,2,0
nl,2016,tencate,0,0,0
nl,2016,heineken,0,1,0
nl,2016,tu,1,2,0
nl,2016,tatasteel-,0,6,2
nl,2016,achmea,2,8,0
nl,2016,ns,2,1,2
nl,2016,voda,1,3,0
nl,2016,sbm,0,2,1
nl,2016,wereldhave,0,1,0
nl,2016,asml,0,0,2
nl,2016,tomtom,0,0,1
nl,2016,akzonobel,1,1,0
nl,2016,asm,0,0,0
nl,2016,fugro,0,4,2
nl,2016,frieslandcampina,0,3,0
nl,2016,unilever,2,4,0
nl,2016,arcadis,0,1,1
nl,2016,aegon,0,2,0
nl,2016,aalberts,0,1,0
nl,2016,shell,1,0,1
nl,2016,unibail,0,13,0
nl,2016,ikea,0,3,0
nl,2016,wolters,0,0,1
nl,2016,dsm,0,5,0
nl,2016,sns,0,1,0
nl,2016,ahold,2,2,0
nl,2016,ordinadutch,0,0,0
nl,2016,kpn,1,6,0
nl,2016,sligro,0,1,0
nl,2016,e&y-,1,5,1
nl,2016,apg,1,1,0
nl,2016,tele2,3,4,2
nl,2016,ing,4,14,4
nl,2016,binckbank,0,0,0
nl,2016,philips,1,5,1
nl,2016,triodos,1,1,0
nl,2016,vastned,1,1,0
nl,2016,abn,2,8,0
nl,2016,ballastnedam,0,0,0
nl,2016,eurocommercial,0,0,0
nl,2016,greenpeace,0,0,0
nl,2016,reed,0,2,2
nl,2016,uva,0,2,0
nl,2016,essent,0,0,0
nl,2016,boskalis,0,2,0
nl,2016,kpmg,0,0,0
nl,2016,klm,0,1,0
nl,2016,brunel,0,0,1
nl,2016,bam,0,9,0
nl,2016,randstad,2,12,7
nl,2008,rabobank,0,5,0
nl,2008,fugro,0,0,0
nl,2008,ing,0,2,0
nl,2008,rotterdam,0,0,0
nl,2008,asm,0,0,0
nl,2008,nutreco,0,0,0
nl,2008,randstad,2,4,1
nl,2008,reed,1,1,0
nl,2008,philips,1,3,0
nl,2008,ahold,0,0,0
nl,2008,wolters,1,0,0
nl,2008,imtech,0,0,0
nl,2008,sligro,0,0,0
nl,2008,arcelor,0,1,0
nl,2008,kpmg,0,0,0
nl,2008,schiphol,1,0,0
nl,2008,akzonobel,0,5,0
nl,2008,asml,0,0,0
nl,2008,essent,0,2,0
nl,2008,sns,0,1,0
nl,2008,veon,0,0,0
nl,2008,voda,0,2,0
nl,2008,persgroep,0,0,0
nl,2008,tu,0,0,0
nl,2008,triodos,0,1,0
nl,2008,uva,0,0,1
nl,2008,unilever,0,0,0
nl,2008,delta lloyd,0,3,0
nl,2008,sbm,0,1,0
nl,2008,dlg,0,3,0
nl,2008,klm,0,0,0
nl,2008,boskalis,0,0,0
nl,2008,eurocommercial,0,0,0
nl,2008,tencate,0,0,0
nl,2008,wereldhave,0,0,0
nl,2008,abn,0,0,0
nl,2008,bam,0,1,0
nl,2008,ballastnedam,0,0,0
nl,2008,aegon,0,0,0
nl,2008,arcadis,0,0,0
nl,2008,tomtom,0,1,0
nl,2008,aalberts,0,0,0
nl,2008,corio,0,0,0
nl,2008,vastned,0,0,0
nl,2008,shell,0,0,0
nl,2008,dsm,0,1,0
nl,2008,binckbank,0,0,0
nl,2008,heineken,0,0,0
nl,2008,frieslandcampina,0,0,0
nl,2008,brunel,0,0,0
nl,2008,unibail,0,0,0
nl,2008,greenpeace,0,1,0
nl,2008,grontmij,0,0,0
nl,2008,achmea,0,0,0
nl,2008,tatasteel,0,0,0
nl,2008,tele2,0,0,0
nl,2008,kpn,0,0,0
nl,2013,tomtom,0,0,0
nl,2013,tencate annual report,0,2,0
nl,2013,vastned,0,3,0
nl,2013,achmea,0,0,0
nl,2013,veon,0,0,0
nl,2013,ing,0,0,0
nl,2013,uva,0,1,0
nl,2013,ikea,0,0,0
nl,2013,greenpeace,0,0,0
nl,2013,klm,0,3,0
nl,2013,triodos,1,0,0
nl,2013,kpn,0,3,0
nl,2013,rabobank,0,1,0
nl,2013,unilever,0,5,2
nl,2013,arcelor,0,0,0
nl,2013,sligro,0,0,0
nl,2013,eurocommercial,0,0,0
nl,2013,heineken,0,1,0
nl,2013,frieslandcampina,0,2,0
nl,2013,binckbank,0,0,0
nl,2013,ahold,0,0,0
nl,2013,sns,1,1,0
nl,2013,philips,1,5,1
nl,2013,dlg,2,13,1
nl,2013,hollandcasino,0,0,0
nl,2013,asml,0,0,0
nl,2013,voda,0,2,1
nl,2013,fugro,0,2,0
nl,2013,tu copy,0,0,0
nl,2013,kpmg,0,0,0
nl,2013,nutreco,0,3,0
nl,2013,sbm,0,1,0
nl,2013,tatasteel-,0,1,0
nl,2013,imtech,0,0,0
nl,2013,ballastnedam,0,1,1
nl,2013,bam,0,1,0
nl,2013,wolters,0,1,0
nl,2013,aegon,0,1,0
nl,2013,apg,1,0,0
nl,2013,boskalis,0,2,0
nl,2013,akzonobel,2,5,0
nl,2013,shell,1,1,1
nl,2013,randstad,1,17,5
nl,2013,tencate,0,2,0
nl,2013,dsm,1,7,1
nl,2013,brunel,0,0,2
nl,2013,grontmij,0,0,0
nl,2013,tu,0,0,0
nl,2013,aalberts,0,0,0
nl,2013,essent,0,0,0
nl,2013,asm,0,0,0
nl,2013,unibail,0,9,1
nl,2013,arcadis,1,0,1
nl,2013,wereldhave,0,0,0
nl,2013,abn,1,5,0
nl,2013,tele2,0,0,0
nl,2013,ordina,4,2,0
nl,2013,corio,0,0,1
nl,2003,dsm,0,0,0
nl,2003,akzonobel,0,0,0
nl,2003,tencate,0,0,0
nl,2003,aegon,0,0,0
nl,2003,voda,0,0,0
nl,2003,dlg,0,2,0
nl,2003,binckbank,0,0,0
nl,2003,abn,0,0,0
nl,2003,reed,0,0,0
nl,2003,imtech,0,0,0
nl,2003,sns,0,0,0
nl,2003,vastned,0,0,0
nl,2003,aalberts,0,0,0
nl,2003,unilever,0,1,0
nl,2003,asml,0,0,0
nl,2003,arcelor,0,0,0
nl,2003,essent,0,0,0
nl,2003,unibail,0,0,1
nl,2003,arcadis,0,0,0
nl,2003,sbm,0,0,0
nl,2003,shell,0,1,0
nl,2003,grontmij,0,0,0
nl,2003,ballastnedam,0,0,0
nl,2003,corio,0,0,0
nl,2003,schiphol,0,0,0
nl,2003,asm,0,0,0
nl,2003,sligro,0,0,0
nl,2003,heineken,1,0,0
nl,2003,tatasteel,0,0,0
nl,2003,tu,0,0,0
nl,2003,persgroep,0,0,0
nl,2003,ahold,0,0,0
nl,2003,eurocommercial,0,0,0
nl,2003,boskalis,0,0,0
nl,2003,randstad,0,0,0
nl,2003,rabobank,0,0,0
nl,2003,veon,0,0,0
nl,2003,wolters,0,0,0
nl,2003,greenpeace,0,0,0
nl,2003,philips,0,0,0
nl,2007,persgroep,0,0,0
nl,2007,brunel,0,0,0
nl,2007,bam,1,0,0
nl,2007,reed,1,0,0
nl,2007,ahold,0,0,0
nl,2007,delta lloys,1,3,0
nl,2007,fugro,0,0,0
nl,2007,unilever,2,6,2
nl,2007,tatasteel,0,0,1
nl,2007,corio,0,0,0
nl,2007,ing,1,2,0
nl,2007,achmea,0,0,0
nl,2007,unibail,0,0,0
nl,2007,klm,0,0,0
nl,2007,essent,0,0,0
nl,2007,aalberts,0,0,0
nl,2007,imtech,1,1,0
nl,2007,veon,0,0,0
nl,2007,eurocommercial,0,0,0
nl,2007,voda,0,0,0
nl,2007,heineken,0,0,0
nl,2007,dlg,1,3,0
nl,2007,nutreco,0,0,0
nl,2007,schiphol,1,0,0
nl,2007,asml,0,0,0
nl,2007,aegon,0,0,0
nl,2007,philips,0,0,1
nl,2007,vastned,0,0,0
nl,2007,arcadis,0,0,0
nl,2007,sligro,0,0,0
nl,2007,ballastnedam,0,0,0
nl,2007,tomtom,0,0,0
nl,2007,binckbank,0,0,0
nl,2007,tele2,0,2,0
nl,2007,sns,0,0,0
nl,2007,randstad,2,5,1
nl,2007,wereldhave,0,0,0
nl,2007,rabobank,0,0,0
nl,2007,kpn,0,0,0
nl,2007,abn,0,1,0
nl,2007,akzonobel,0,0,0
nl,2007,kpmg,1,1,0
nl,2007,wolters,1,0,0
nl,2007,tu,0,0,0
nl,2007,arcelor,1,2,1
nl,2007,grontmij,0,0,0
nl,2007,greenpeace,0,0,0
nl,2007,ordina,0,0,0
nl,2007,shell,0,1,0
nl,2007,tencate,0,0,0
nl,2007,dsm,0,0,0
nl,2007,asm,0,0,0
nl,2007,sbm,0,1,0
nl,2007,frieslandcampina,0,0,0
nl,2007,boskalis,0,0,0
nl,1994,voda,0,0,0
nl,1992,voda,0,0,0
nl,2011,ikea,1,0,0
nl,2011,heineken,0,0,0
nl,2011,triodos,0,0,0
nl,2011,e&y-,1,5,0
nl,2011,frieslandcampina,0,0,0
nl,2011,ordina,0,2,0
nl,2011,sbm,0,1,0
nl,2011,tu,0,0,0
nl,2011,grontmij,0,0,0
nl,2011,reed,0,2,1
nl,2011,akzonobel,1,6,0
nl,2011,ballastnedam,0,0,0
nl,2011,veon,1,0,1
nl,2011,dlg,0,4,0
nl,2011,shell,1,1,0
nl,2011,uva,1,1,0
nl,2011,wolters,0,0,0
nl,2011,schiphol,1,1,0
nl,2011,sligro,0,0,0
nl,2011,tencate annual report,0,0,0
nl,2011,sns,0,1,0
nl,2011,aegon,0,1,0
nl,2011,essent,0,5,0
nl,2011,greenpeace,0,0,0
nl,2011,asm,0,0,0
nl,2011,boskalis,0,0,0
nl,2011,arcadis,0,0,0
nl,2011,apg,0,0,0
nl,2011,abn,1,9,0
nl,2011,achmea,0,0,0
nl,2011,arcelor,2,1,1
nl,2011,tele2,0,0,0
nl,2011,tencate,0,0,0
nl,2011,unilever,3,4,0
nl,2011,klm,0,0,0
nl,2011,philips,0,0,0
nl,2011,ing,0,1,0
nl,2011,aalberts,0,0,0
nl,2011,rabobank,0,0,0
nl,2011,brunel,0,0,0
nl,2011,wereldhave,0,0,0
nl,2011,delta lloyd,0,4,0
nl,2011,kpn,0,0,0
nl,2011,voda,0,1,1
nl,2011,bam,1,0,0
nl,2011,kpmg,0,0,0
nl,2011,asml,0,0,0
nl,2011,tomtom,0,0,0
nl,2011,vastned,0,0,0
nl,2011,dsm,2,8,1
nl,2011,unibail,0,6,0
nl,2011,nutreco,0,0,0
nl,2011,binckbank,0,0,0
nl,2011,randstad,1,9,1
nl,2011,corio,0,0,0
nl,2011,ahold,0,0,0
nl,2004,fugro,0,0,0
nl,2004,unibail,0,0,0
nl,2004,wolters,0,0,0
nl,2004,corio,0,0,0
nl,2004,vastned,0,0,0
nl,2004,sligro,0,0,0
nl,2004,tele2,0,0,0
nl,2004,binckbank,0,0,0
nl,2004,ing,0,1,1
nl,2004,abn,0,0,1
nl,2004,grontmij,0,0,0
nl,2004,randstad,0,0,0
nl,2004,sns,0,0,0
nl,2004,veon,0,0,0
nl,2004,ordina,0,0,0
nl,2004,wereldhave,0,0,0
nl,2004,dlg,0,2,1
nl,2004,philips,0,0,1
nl,2004,aalberts,0,0,0
nl,2004,greenpeace,0,0,0
nl,2004,tencate,0,0,0
nl,2004,eurocommercial,0,0,0
nl,2004,schiphol,0,0,0
nl,2004,reed,0,0,0
nl,2004,rabobank,0,0,0
nl,2004,arcelor,0,0,0
nl,2004,kpn,0,0,0
nl,2004,imtech,0,0,0
nl,2004,asm,0,0,0
nl,2004,tatasteel,0,1,0
nl,2004,asml,0,0,0
nl,2004,persgroep,0,0,0
nl,2004,dsm,0,0,0
nl,2004,aegon,0,0,0
nl,2004,shell,0,1,0
nl,2004,arcadis,0,1,0
nl,2004,unilever,0,3,0
nl,2004,boskalis,0,0,0
nl,2004,brunel,0,0,0
nl,2004,ballastnedam,0,0,0
nl,2004,akzonobel,0,0,0
nl,2004,ahold,0,0,0
nl,2004,essent,0,0,0
nl,2004,heineken,0,0,0
nl,2004,voda,0,0,0
nl,2004,sbm,0,0,0
nl,1991,voda,0,0,0
nl,2015,hema,0,0,0
nl,2015,eurocommercial,0,0,0
nl,2015,dlg,0,1,0
nl,2015,ikea,0,4,0
nl,2015,triodos,0,1,0
nl,2015,arcelor,0,0,0
nl,2015,philips,0,5,1
nl,2015,asm,0,0,1
nl,2015,reed,1,3,1
nl,2015,tu,0,1,0
nl,2015,essent,0,0,0
nl,2015,asml,0,0,0
nl,2015,kpmg,0,1,0
nl,2015,voda,1,10,4
nl,2015,kpn,2,5,0
nl,2015,tencate,0,2,0
nl,2015,brunel,0,0,1
nl,2015,ballastnedam,0,0,0
nl,2015,abn,0,6,1
nl,2015,tatasteel-,0,2,0
nl,2015,akzonobel,2,3,0
nl,2015,unilever,1,4,0
nl,2015,tele2,1,1,0
nl,2015,schiphol,0,1,0
nl,2015,boskalis,0,0,0
nl,2015,wolters,0,1,1
nl,2015,vastned,0,1,0
nl,2015,ing,1,4,0
nl,2015,sns,1,2,0
nl,2015,klm,0,0,0
nl,2015,arcadis,3,2,1
nl,2015,shell,1,1,1
nl,2015,tomtom,0,1,1
nl,2015,frieslandcampina,0,2,0
nl,2015,binckbank,0,0,0
nl,2015,sbm,0,3,0
nl,2015,randstad,2,13,7
nl,2015,wereldhave,0,0,0
nl,2015,dsm,1,5,0
nl,2015,ordinadutch,0,0,0
nl,2015,sligro,0,1,0
nl,2015,aegon,0,2,0
nl,2015,veon,0,0,0
nl,2015,apg,0,0,0
nl,2015,e&y-,2,6,3
nl,2015,achmea,0,7,0
nl,2015,unibail,0,0,0
nl,2015,ahold,1,0,0
nl,2015,heineken,0,0,0
nl,2015,ns,1,1,2
nl,2015,greenpeace,0,0,0
nl,2015,fugro,0,1,0
nl,2015,uva,0,0,0
nl,2015,aalberts,0,0,0
nl,2015,bam,0,5,1
nl,2015,rabobank,1,6,0
nl,2010,vastned,0,0,0
nl,2010,delta lloyd,0,0,0
nl,2010,sns,0,0,0
nl,2010,bam,1,0,0
nl,2010,boskalis,0,0,0
nl,2010,schiphol,0,4,0
nl,2010,imtech,0,1,0
nl,2010,greenpeace,0,0,0
nl,2010,veon,0,0,0
nl,2010,klm,0,0,0
nl,2010,hema,0,0,0
nl,2010,sbm,0,0,0
nl,2010,arcelor,0,2,1
nl,2010,achmea,0,0,0
nl,2010,ahold,0,0,0
nl,2010,wolters,0,0,0
nl,2010,corio,0,0,0
nl,2010,triodos,0,0,0
nl,2010,grontmij,0,0,0
nl,2010,voda,1,1,0
nl,2010,ing,0,2,0
nl,2010,sligro,0,0,0
nl,2010,heineken,0,0,0
nl,2010,philips,0,4,0
nl,2010,frieslandcampina,0,0,0
nl,2010,reed,0,1,0
nl,2010,ikea,0,0,0
nl,2010,ordinadutch,0,0,0
nl,2010,unibail,0,7,0
nl,2010,shell,1,1,0
nl,2010,rabobank,0,3,0
nl,2010,ballastnedam,0,0,0
nl,2010,aalberts,0,1,0
nl,2010,dlg,0,3,0
nl,2010,kpmg,0,0,0
nl,2010,nutreco,0,0,0
nl,2010,asml,0,0,0
nl,2010,wereldhave,0,0,0
nl,2010,aegon,0,0,0
nl,2010,akzonobel,1,4,1
nl,2010,tomtom,0,1,0
nl,2010,apg,0,0,0
nl,2010,tele2,0,0,0
nl,2010,brunel,1,0,0
nl,2010,randstad,3,7,1
nl,2010,fugro,0,0,0
nl,2010,asm,0,0,0
nl,2010,tencate annual report,0,0,0
nl,2010,tencate,0,0,0
nl,2010,kpn,2,1,2
nl,2010,dsm,1,7,1
nl,2010,uva,0,0,0
nl,2010,tatasteel,0,0,0
nl,2010,tu,0,0,0
nl,2010,unilever,1,2,1
nl,2010,e&y-,1,2,1
nl,2010,essent,0,0,0
nl,2010,rotterdam,1,0,0
nl,2010,abn,1,4,0
nl,1995,voda,0,0,0
nl,1996,veon,0,0,0
nl,1996,voda,0,0,0
nl,2005,fugro,0,0,0
nl,2005,veon,0,0,0
nl,2005,shell,1,2,0
nl,2005,asml,0,0,0
nl,2005,uva,0,0,1
nl,2005,unibail,0,0,0
nl,2005,asm,0,0,0
nl,2005,sbm,0,0,0
nl,2005,tatasteel,0,0,0
nl,2005,ing,0,1,0
nl,2005,philips,0,2,0
nl,2005,grontmij,0,0,0
nl,2005,aegon,0,0,0
nl,2005,sns,0,0,0
nl,2005,wolters,0,0,0
nl,2005,dlg,0,4,0
nl,2005,voda,0,0,0
nl,2005,wereldhave,0,0,0
nl,2005,akzonobel,0,0,0
nl,2005,ballastnedam,0,0,0
nl,2005,vastned,0,0,0
nl,2005,dsm,0,0,0
nl,2005,ahold,0,0,1
nl,2005,tomtom,0,0,0
nl,2005,arcelor,1,1,2
nl,2005,reed,0,0,0
nl,2005,nutreco,0,0,0
nl,2005,essent,0,0,0
nl,2005,arcadis,0,1,0
nl,2005,schiphol,0,0,0
nl,2005,boskalis,0,0,0
nl,2005,bam,0,0,0
nl,2005,binckbank,0,0,0
nl,2005,imtech,0,0,0
nl,2005,frieslandcampina,0,0,0
nl,2005,greenpeace,0,0,0
nl,2005,tencate,0,0,0
nl,2005,kpn,0,0,0
nl,2005,randstad,1,2,0
nl,2005,unilever,0,0,0
nl,2005,ordina,0,0,0
nl,2005,eurocommercial,0,0,0
nl,2005,corio,0,0,0
nl,2005,abn,0,2,1
nl,2005,tele2,0,1,0
nl,2005,heineken,0,0,0
nl,2005,sligro,0,0,0
nl,2005,aalberts,0,0,0
nl,2005,rabobank,0,0,0
nl,2005,kpmg,0,2,0
nl,2005,persgroep,0,0,0
